,Symbol,Name,Sector,Date,Price
0,MMM,3M Company,Industrials,2023-09-15 00:00:00,101.05999755859376
1,AOS,A.O. Smith Corp,Industrials,2023-09-15 00:00:00,66.7699966430664
2,ABT,Abbott Laboratories,Health Care,2023-09-15 00:00:00,101.73999786376952
3,ABBV,AbbVie Inc.,Health Care,2023-09-15 00:00:00,152.1199951171875
4,ACN,Accenture plc,Information Technology,2023-09-15 00:00:00,312.5299987792969
5,ATVI,Activision Blizzard,Information Technology,2023-09-15 00:00:00,91.81999969482422
6,AYI,Acuity Brands Inc,Industrials,2023-09-15 00:00:00,159.58999633789062
7,ADBE,Adobe Systems Inc,Information Technology,2023-09-15 00:00:00,528.8900146484375
8,AAP,Advance Auto Parts,Consumer Discretionary,2023-09-15 00:00:00,59.81999969482422
9,AMD,Advanced Micro Devices Inc,Information Technology,2023-09-15 00:00:00,101.48999786376952
10,AES,AES Corp,Utilities,2023-09-15 00:00:00,17.239999771118164
11,AET,Aetna Inc,Health Care,2023-09-15 00:00:00,
12,AMG,Affiliated Managers Group Inc,Financials,2023-09-15 00:00:00,134.58999633789062
13,AFL,AFLAC Inc,Financials,2023-09-15 00:00:00,76.51000213623047
14,A,Agilent Technologies Inc,Health Care,2023-09-15 00:00:00,115.91000366210938
15,APD,Air Products & Chemicals Inc,Materials,2023-09-15 00:00:00,302.1099853515625
16,AKAM,Akamai Technologies Inc,Information Technology,2023-09-15 00:00:00,104.5
17,ALK,Alaska Air Group Inc,Industrials,2023-09-15 00:00:00,39.470001220703125
18,ALB,Albemarle Corp,Materials,2023-09-15 00:00:00,183.83999633789065
19,ARE,Alexandria Real Estate Equities Inc,Real Estate,2023-09-15 00:00:00,113.7300033569336
20,ALXN,Alexion Pharmaceuticals,Health Care,2023-09-15 00:00:00,
21,ALGN,Align Technology,Health Care,2023-09-15 00:00:00,332.0899963378906
22,ALLE,Allegion,Industrials,2023-09-15 00:00:00,105.68000030517578
23,AGN,"Allergan, Plc",Health Care,2023-09-15 00:00:00,
24,ADS,Alliance Data Systems,Information Technology,2023-09-15 00:00:00,
25,LNT,Alliant Energy Corp,Utilities,2023-09-15 00:00:00,51.77999877929688
26,ALL,Allstate Corp,Financials,2023-09-15 00:00:00,108.77999877929688
27,GOOGL,Alphabet Inc Class A,Information Technology,2023-09-15 00:00:00,137.39999389648438
28,GOOG,Alphabet Inc Class C,Information Technology,2023-09-15 00:00:00,138.3000030517578
29,MO,Altria Group Inc,Consumer Staples,2023-09-15 00:00:00,43.52999877929688
30,AMZN,Amazon.com Inc,Consumer Discretionary,2023-09-15 00:00:00,140.38999938964844
31,AEE,Ameren Corp,Utilities,2023-09-15 00:00:00,80.7699966430664
32,AAL,American Airlines Group,Industrials,2023-09-15 00:00:00,13.3100004196167
33,AEP,American Electric Power,Utilities,2023-09-15 00:00:00,80.04000091552734
34,AXP,American Express Co,Financials,2023-09-15 00:00:00,163.75
35,AIG,"American International Group, Inc.",Financials,2023-09-15 00:00:00,61.18000030517578
36,AMT,American Tower Corp A,Real Estate,2023-09-15 00:00:00,180.13999938964844
37,AWK,American Water Works Company Inc,Utilities,2023-09-15 00:00:00,138.89999389648438
38,AMP,Ameriprise Financial,Financials,2023-09-15 00:00:00,347.1199951171875
39,ABC,AmerisourceBergen Corp,Health Care,2023-09-15 00:00:00,178.2899932861328
40,AME,AMETEK Inc,Industrials,2023-09-15 00:00:00,151.6300048828125
41,AMGN,Amgen Inc,Health Care,2023-09-15 00:00:00,260.7200012207031
42,APH,Amphenol Corp,Information Technology,2023-09-15 00:00:00,85.72000122070312
43,APC,Anadarko Petroleum Corp,Energy,2023-09-15 00:00:00,
44,ADI,"Analog Devices, Inc.",Information Technology,2023-09-15 00:00:00,178.13999938964844
45,ANDV,Andeavor,Energy,2023-09-15 00:00:00,
46,ANSS,ANSYS,Information Technology,2023-09-15 00:00:00,310.7200012207031
47,ANTM,Anthem Inc.,Health Care,2023-09-15 00:00:00,
48,AON,Aon plc,Financials,2023-09-15 00:00:00,336.1600036621094
49,APA,Apache Corporation,Energy,2023-09-15 00:00:00,42.459999084472656
50,AIV,Apartment Investment & Management,Real Estate,2023-09-15 00:00:00,7.340000152587891
51,AAPL,Apple Inc.,Information Technology,2023-09-15 00:00:00,175.00999450683594
52,AMAT,Applied Materials Inc,Information Technology,2023-09-15 00:00:00,138.25
53,APTV,Aptiv Plc,Consumer Discretionary,2023-09-15 00:00:00,102.45999908447266
54,ADM,Archer-Daniels-Midland Co,Consumer Staples,2023-09-15 00:00:00,79.3499984741211
55,ARNC,Arconic Inc,Industrials,2023-09-15 00:00:00,
56,AJG,Arthur J. Gallagher & Co.,Financials,2023-09-15 00:00:00,230.13999938964844
57,AIZ,Assurant Inc,Financials,2023-09-15 00:00:00,138.64999389648438
58,T,AT&T Inc,Telecommunication Services,2023-09-15 00:00:00,15.229999542236328
59,ADSK,Autodesk Inc,Information Technology,2023-09-15 00:00:00,213.3500061035156
60,ADP,Automatic Data Processing,Information Technology,2023-09-15 00:00:00,245.30999755859372
61,AZO,AutoZone Inc,Consumer Discretionary,2023-09-15 00:00:00,2529.679931640625
62,AVB,"AvalonBay Communities, Inc.",Real Estate,2023-09-15 00:00:00,183.88999938964844
63,AVY,Avery Dennison Corp,Materials,2023-09-15 00:00:00,180.55999755859372
64,BHGE,"Baker Hughes, a GE Company",Energy,2023-09-15 00:00:00,
65,BLL,Ball Corp,Materials,2023-09-15 00:00:00,
66,BAC,Bank of America Corp,Financials,2023-09-15 00:00:00,28.84000015258789
67,BAX,Baxter International Inc.,Health Care,2023-09-15 00:00:00,39.08000183105469
68,BBT,BB&T Corporation,Financials,2023-09-15 00:00:00,
69,BDX,Becton Dickinson,Health Care,2023-09-15 00:00:00,263.739990234375
70,BRK.B,Berkshire Hathaway,Financials,2023-09-15 00:00:00,
71,BBY,Best Buy Co. Inc.,Consumer Discretionary,2023-09-15 00:00:00,72.38999938964844
72,BIIB,Biogen Inc.,Health Care,2023-09-15 00:00:00,254.7899932861328
73,BLK,BlackRock,Financials,2023-09-15 00:00:00,697.4099731445312
74,HRB,Block H&R,Financials,2023-09-15 00:00:00,39.63999938964844
75,BA,Boeing Company,Industrials,2023-09-15 00:00:00,208.1100006103516
76,BWA,BorgWarner,Consumer Discretionary,2023-09-15 00:00:00,41.04999923706055
77,BXP,Boston Properties,Real Estate,2023-09-15 00:00:00,66.27999877929688
78,BSX,Boston Scientific,Health Care,2023-09-15 00:00:00,52.900001525878906
79,BHF,Brighthouse Financial Inc,Financials,2023-09-15 00:00:00,51.900001525878906
80,BMY,Bristol-Myers Squibb,Health Care,2023-09-15 00:00:00,59.02999877929688
81,AVGO,Broadcom,Information Technology,2023-09-15 00:00:00,851.6799926757812
82,BF.B,Brown-Forman Corp.,Consumer Staples,2023-09-15 00:00:00,
83,CHRW,C. H. Robinson Worldwide,Industrials,2023-09-15 00:00:00,90.54000091552734
84,CA,"CA, Inc.",Information Technology,2023-09-15 00:00:00,
85,COG,Cabot Oil & Gas,Energy,2023-09-15 00:00:00,
86,CDNS,Cadence Design Systems,Information Technology,2023-09-15 00:00:00,234.0800018310547
87,CPB,Campbell Soup,Consumer Staples,2023-09-15 00:00:00,43.040000915527344
88,COF,Capital One Financial,Financials,2023-09-15 00:00:00,104.45999908447266
89,CAH,Cardinal Health Inc.,Health Care,2023-09-15 00:00:00,87.75
90,KMX,Carmax Inc,Consumer Discretionary,2023-09-15 00:00:00,83.23999786376953
91,CCL,Carnival Corp.,Consumer Discretionary,2023-09-15 00:00:00,15.1899995803833
92,CAT,Caterpillar Inc.,Industrials,2023-09-15 00:00:00,279.1499938964844
93,CBOE,CBOE Holdings,Financials,2023-09-15 00:00:00,149.25999450683594
94,CBG,CBRE Group,Real Estate,2023-09-15 00:00:00,
95,CBS,CBS Corp.,Consumer Discretionary,2023-09-15 00:00:00,
96,CELG,Celgene Corp.,Health Care,2023-09-15 00:00:00,
97,CNC,Centene Corporation,Health Care,2023-09-15 00:00:00,67.80999755859375
98,CNP,CenterPoint Energy,Utilities,2023-09-15 00:00:00,29.07999992370605
99,CTL,CenturyLink Inc,Telecommunication Services,2023-09-15 00:00:00,
100,CERN,Cerner,Health Care,2023-09-15 00:00:00,
101,CF,CF Industries Holdings Inc,Materials,2023-09-15 00:00:00,82.0999984741211
102,SCHW,Charles Schwab Corporation,Financials,2023-09-15 00:00:00,58.220001220703125
103,CHTR,Charter Communications,Consumer Discretionary,2023-09-15 00:00:00,447.9500122070313
104,CHK,Chesapeake Energy,Energy,2023-09-15 00:00:00,85.44999694824219
105,CVX,Chevron Corp.,Energy,2023-09-15 00:00:00,166.5
106,CMG,Chipotle Mexican Grill,Consumer Discretionary,2023-09-15 00:00:00,1912.5
107,CB,Chubb Limited,Financials,2023-09-15 00:00:00,212.1999969482422
108,CHD,Church & Dwight,Consumer Staples,2023-09-15 00:00:00,95.22000122070312
109,CI,CIGNA Corp.,Health Care,2023-09-15 00:00:00,283.2200012207031
110,XEC,Cimarex Energy,Energy,2023-09-15 00:00:00,
111,CINF,Cincinnati Financial,Financials,2023-09-15 00:00:00,107.19000244140624
112,CTAS,Cintas Corporation,Industrials,2023-09-15 00:00:00,515.0800170898438
113,CSCO,Cisco Systems,Information Technology,2023-09-15 00:00:00,56.040000915527344
114,C,Citigroup Inc.,Financials,2023-09-15 00:00:00,42.709999084472656
115,CFG,Citizens Financial Group,Financials,2023-09-15 00:00:00,27.959999084472656
116,CTXS,Citrix Systems,Information Technology,2023-09-15 00:00:00,
117,CME,CME Group Inc.,Financials,2023-09-15 00:00:00,206.82000732421875
118,CMS,CMS Energy,Utilities,2023-09-15 00:00:00,57.209999084472656
119,KO,Coca-Cola Company (The),Consumer Staples,2023-09-15 00:00:00,57.93999862670898
120,CTSH,Cognizant Technology Solutions,Information Technology,2023-09-15 00:00:00,70.16999816894531
121,CL,Colgate-Palmolive,Consumer Staples,2023-09-15 00:00:00,73.16999816894531
122,CMCSA,Comcast Corp.,Consumer Discretionary,2023-09-15 00:00:00,45.34000015258789
123,CMA,Comerica Inc.,Financials,2023-09-15 00:00:00,43.56999969482422
124,CAG,Conagra Brands,Consumer Staples,2023-09-15 00:00:00,28.940000534057617
125,CXO,Concho Resources,Energy,2023-09-15 00:00:00,
126,COP,ConocoPhillips,Energy,2023-09-15 00:00:00,123.56999969482422
127,ED,Consolidated Edison,Utilities,2023-09-15 00:00:00,91.48999786376952
128,STZ,Constellation Brands,Consumer Staples,2023-09-15 00:00:00,260.3399963378906
129,GLW,Corning Inc.,Information Technology,2023-09-15 00:00:00,31.229999542236328
130,COST,Costco Wholesale Corp.,Consumer Staples,2023-09-15 00:00:00,556.3599853515625
131,COTY,"Coty, Inc",Consumer Staples,2023-09-15 00:00:00,11.90999984741211
132,CCI,Crown Castle International Corp.,Real Estate,2023-09-15 00:00:00,98.41000366210938
133,CSRA,CSRA Inc.,Information Technology,2023-09-15 00:00:00,
134,CSX,CSX Corp.,Industrials,2023-09-15 00:00:00,30.850000381469727
135,CMI,Cummins Inc.,Industrials,2023-09-15 00:00:00,235.3699951171875
136,CVS,CVS Health,Consumer Staples,2023-09-15 00:00:00,70.87000274658203
137,DHI,D. R. Horton,Consumer Discretionary,2023-09-15 00:00:00,112.37000274658205
138,DHR,Danaher Corp.,Health Care,2023-09-15 00:00:00,255.25
139,DRI,Darden Restaurants,Consumer Discretionary,2023-09-15 00:00:00,150.05999755859375
140,DVA,DaVita Inc.,Health Care,2023-09-15 00:00:00,98.33000183105467
141,DE,Deere & Co.,Industrials,2023-09-15 00:00:00,412.1099853515625
142,DAL,Delta Air Lines Inc.,Industrials,2023-09-15 00:00:00,39.900001525878906
143,XRAY,Dentsply Sirona,Health Care,2023-09-15 00:00:00,35.540000915527344
144,DVN,Devon Energy Corp.,Energy,2023-09-15 00:00:00,49.68000030517578
145,DLR,Digital Realty Trust Inc,Real Estate,2023-09-15 00:00:00,128.75
146,DFS,Discover Financial Services,Financials,2023-09-15 00:00:00,89.73999786376953
147,DISCA,Discovery Communications-A,Consumer Discretionary,2023-09-15 00:00:00,
148,DISCK,Discovery Communications-C,Consumer Discretionary,2023-09-15 00:00:00,
149,DISH,Dish Network,Consumer Discretionary,2023-09-15 00:00:00,6.539999961853027
150,DG,Dollar General,Consumer Discretionary,2023-09-15 00:00:00,115.68000030517578
151,DLTR,Dollar Tree,Consumer Discretionary,2023-09-15 00:00:00,112.3499984741211
152,D,Dominion Energy,Utilities,2023-09-15 00:00:00,48.470001220703125
153,DOV,Dover Corp.,Industrials,2023-09-15 00:00:00,144.4499969482422
154,DWDP,DowDuPont,Materials,2023-09-15 00:00:00,
155,DPS,Dr Pepper Snapple Group,Consumer Staples,2023-09-15 00:00:00,
156,DTE,DTE Energy Co.,Utilities,2023-09-15 00:00:00,106.77999877929688
157,DUK,Duke Energy,Utilities,2023-09-15 00:00:00,95.18000030517578
158,DRE,Duke Realty Corp,Real Estate,2023-09-15 00:00:00,
159,DXC,DXC Technology,Information Technology,2023-09-15 00:00:00,20.690000534057617
160,ETFC,E*Trade,Financials,2023-09-15 00:00:00,
161,EMN,Eastman Chemical,Materials,2023-09-15 00:00:00,79.0
162,ETN,Eaton Corporation,Industrials,2023-09-15 00:00:00,217.63999938964844
163,EBAY,eBay Inc.,Information Technology,2023-09-15 00:00:00,44.560001373291016
164,ECL,Ecolab Inc.,Materials,2023-09-15 00:00:00,177.9600067138672
165,EIX,Edison Int'l,Utilities,2023-09-15 00:00:00,71.55999755859375
166,EW,Edwards Lifesciences,Health Care,2023-09-15 00:00:00,73.19999694824219
167,EA,Electronic Arts,Information Technology,2023-09-15 00:00:00,120.45999908447266
168,EMR,Emerson Electric Company,Industrials,2023-09-15 00:00:00,98.86000061035156
169,ETR,Entergy Corp.,Utilities,2023-09-15 00:00:00,98.4000015258789
170,EVHC,Envision Healthcare,Health Care,2023-09-15 00:00:00,
171,EOG,EOG Resources,Energy,2023-09-15 00:00:00,132.17999267578125
172,EQT,EQT Corporation,Energy,2023-09-15 00:00:00,41.52999877929688
173,EFX,Equifax Inc.,Industrials,2023-09-15 00:00:00,196.8600006103516
174,EQIX,Equinix,Real Estate,2023-09-15 00:00:00,776.219970703125
175,EQR,Equity Residential,Real Estate,2023-09-15 00:00:00,63.15999984741211
176,ESS,"Essex Property Trust, Inc.",Real Estate,2023-09-15 00:00:00,225.22000122070312
177,EL,Estee Lauder Cos.,Consumer Staples,2023-09-15 00:00:00,155.6999969482422
178,RE,Everest Re Group Ltd.,Financials,2023-09-15 00:00:00,
179,ES,Eversource Energy,Utilities,2023-09-15 00:00:00,64.20999908447266
180,EXC,Exelon Corp.,Utilities,2023-09-15 00:00:00,41.650001525878906
181,EXPE,Expedia Inc.,Consumer Discretionary,2023-09-15 00:00:00,106.91000366210938
182,EXPD,Expeditors International,Industrials,2023-09-15 00:00:00,118.44000244140624
183,ESRX,Express Scripts,Health Care,2023-09-15 00:00:00,
184,EXR,Extra Space Storage,Real Estate,2023-09-15 00:00:00,128.05999755859375
185,XOM,Exxon Mobil Corp.,Energy,2023-09-15 00:00:00,116.6999969482422
186,FFIV,F5 Networks,Information Technology,2023-09-15 00:00:00,158.47000122070312
187,FB,"Facebook, Inc.",Information Technology,2023-09-15 00:00:00,
188,FAST,Fastenal Co,Industrials,2023-09-15 00:00:00,55.220001220703125
189,FRT,Federal Realty Investment Trust,Real Estate,2023-09-15 00:00:00,98.81999969482422
190,FDX,FedEx Corporation,Industrials,2023-09-15 00:00:00,254.0800018310547
191,FIS,Fidelity National Information Services,Information Technology,2023-09-15 00:00:00,56.900001525878906
192,FITB,Fifth Third Bancorp,Financials,2023-09-15 00:00:00,27.440000534057617
193,FE,FirstEnergy Corp,Utilities,2023-09-15 00:00:00,36.90999984741211
194,FISV,Fiserv Inc,Information Technology,2023-09-15 00:00:00,
195,FLIR,FLIR Systems,Information Technology,2023-09-15 00:00:00,
196,FLS,Flowserve Corporation,Industrials,2023-09-15 00:00:00,39.15999984741211
197,FLR,Fluor Corp.,Industrials,2023-09-15 00:00:00,35.560001373291016
198,FMC,FMC Corporation,Materials,2023-09-15 00:00:00,75.6500015258789
199,FL,Foot Locker Inc,Consumer Discretionary,2023-09-15 00:00:00,18.309999465942383
200,F,Ford Motor,Consumer Discretionary,2023-09-15 00:00:00,12.609999656677246
201,FTV,Fortive Corp,Industrials,2023-09-15 00:00:00,75.98999786376953
202,FBHS,Fortune Brands Home & Security,Industrials,2023-09-15 00:00:00,
203,BEN,Franklin Resources,Financials,2023-09-15 00:00:00,26.25
204,FCX,Freeport-McMoRan Inc.,Materials,2023-09-15 00:00:00,40.369998931884766
205,GPS,Gap Inc.,Consumer Discretionary,2023-09-15 00:00:00,11.199999809265137
206,GRMN,Garmin Ltd.,Consumer Discretionary,2023-09-15 00:00:00,106.12000274658205
207,IT,Gartner Inc,Information Technology,2023-09-15 00:00:00,350.1400146484375
208,GD,General Dynamics,Industrials,2023-09-15 00:00:00,224.0500030517578
209,GE,General Electric,Industrials,2023-09-15 00:00:00,115.48999786376952
210,GGP,General Growth Properties Inc.,Real Estate,2023-09-15 00:00:00,
211,GIS,General Mills,Consumer Staples,2023-09-15 00:00:00,65.8499984741211
212,GM,General Motors,Consumer Discretionary,2023-09-15 00:00:00,33.95000076293945
213,GPC,Genuine Parts,Consumer Discretionary,2023-09-15 00:00:00,148.8300018310547
214,GILD,Gilead Sciences,Health Care,2023-09-15 00:00:00,75.66999816894531
215,GPN,Global Payments Inc.,Information Technology,2023-09-15 00:00:00,124.33999633789062
216,GS,Goldman Sachs Group,Financials,2023-09-15 00:00:00,342.5400085449219
217,GT,Goodyear Tire & Rubber,Consumer Discretionary,2023-09-15 00:00:00,12.800000190734863
218,GWW,Grainger (W.W.) Inc.,Industrials,2023-09-15 00:00:00,693.1199951171875
219,HAL,Halliburton Co.,Energy,2023-09-15 00:00:00,42.11000061035156
220,HBI,Hanesbrands Inc,Consumer Discretionary,2023-09-15 00:00:00,4.630000114440918
221,HOG,Harley-Davidson,Consumer Discretionary,2023-09-15 00:00:00,33.36000061035156
222,HRS,Harris Corporation,Information Technology,2023-09-15 00:00:00,
223,HIG,Hartford Financial Svc.Gp.,Financials,2023-09-15 00:00:00,72.98999786376953
224,HAS,Hasbro Inc.,Consumer Discretionary,2023-09-15 00:00:00,66.37000274658203
225,HCA,HCA Holdings,Health Care,2023-09-15 00:00:00,256.2799987792969
226,HCP,HCP Inc.,Real Estate,2023-09-15 00:00:00,25.09000015258789
227,HP,Helmerich & Payne,Energy,2023-09-15 00:00:00,45.459999084472656
228,HSIC,Henry Schein,Health Care,2023-09-15 00:00:00,74.41000366210938
229,HES,Hess Corporation,Energy,2023-09-15 00:00:00,160.35000610351562
230,HPE,Hewlett Packard Enterprise,Information Technology,2023-09-15 00:00:00,17.06999969482422
231,HLT,Hilton Worldwide Holdings Inc,Consumer Discretionary,2023-09-15 00:00:00,154.41000366210938
232,HOLX,Hologic,Health Care,2023-09-15 00:00:00,71.80999755859375
233,HD,Home Depot,Consumer Discretionary,2023-09-15 00:00:00,321.3999938964844
234,HON,Honeywell Int'l Inc.,Industrials,2023-09-15 00:00:00,193.0399932861328
235,HRL,Hormel Foods Corp.,Consumer Staples,2023-09-15 00:00:00,38.2400016784668
236,HST,Host Hotels & Resorts,Real Estate,2023-09-15 00:00:00,16.600000381469727
237,HPQ,HP Inc.,Information Technology,2023-09-15 00:00:00,27.34000015258789
238,HUM,Humana Inc.,Health Care,2023-09-15 00:00:00,470.7699890136719
239,HBAN,Huntington Bancshares,Financials,2023-09-15 00:00:00,10.699999809265137
240,HII,Huntington Ingalls Industries,Industrials,2023-09-15 00:00:00,211.6499938964844
241,IDXX,IDEXX Laboratories,Health Care,2023-09-15 00:00:00,450.6900024414063
242,INFO,IHS Markit Ltd.,Industrials,2023-09-15 00:00:00,
243,ITW,Illinois Tool Works,Industrials,2023-09-15 00:00:00,238.30999755859372
244,ILMN,Illumina Inc,Health Care,2023-09-15 00:00:00,146.14999389648438
245,INCY,Incyte,Health Care,2023-09-15 00:00:00,62.54999923706055
246,IR,Ingersoll-Rand PLC,Industrials,2023-09-15 00:00:00,65.9000015258789
247,INTC,Intel Corp.,Information Technology,2023-09-15 00:00:00,37.880001068115234
248,ICE,Intercontinental Exchange,Financials,2023-09-15 00:00:00,115.72000122070312
249,IBM,International Business Machines,Information Technology,2023-09-15 00:00:00,145.99000549316406
250,IP,International Paper,Materials,2023-09-15 00:00:00,34.2400016784668
251,IPG,Interpublic Group,Consumer Discretionary,2023-09-15 00:00:00,30.739999771118164
252,IFF,Intl Flavors & Fragrances,Materials,2023-09-15 00:00:00,69.05000305175781
253,INTU,Intuit Inc.,Information Technology,2023-09-15 00:00:00,538.0800170898438
254,ISRG,Intuitive Surgical Inc.,Health Care,2023-09-15 00:00:00,295.5400085449219
255,IVZ,Invesco Ltd.,Financials,2023-09-15 00:00:00,15.56999969482422
256,IQV,IQVIA Holdings Inc.,Health Care,2023-09-15 00:00:00,211.7100067138672
257,IRM,Iron Mountain Incorporated,Real Estate,2023-09-15 00:00:00,62.84999847412109
258,JBHT,J. B. Hunt Transport Services,Industrials,2023-09-15 00:00:00,194.3600006103516
259,JEC,Jacobs Engineering Group,Industrials,2023-09-15 00:00:00,
260,SJM,JM Smucker,Consumer Staples,2023-09-15 00:00:00,126.83000183105467
261,JNJ,Johnson & Johnson,Health Care,2023-09-15 00:00:00,161.4499969482422
262,JCI,Johnson Controls International,Industrials,2023-09-15 00:00:00,57.130001068115234
263,JPM,JPMorgan Chase & Co.,Financials,2023-09-15 00:00:00,148.80999755859375
264,JNPR,Juniper Networks,Information Technology,2023-09-15 00:00:00,28.43000030517578
265,KSU,Kansas City Southern,Industrials,2023-09-15 00:00:00,
266,K,Kellogg Co.,Consumer Staples,2023-09-15 00:00:00,59.959999084472656
267,KEY,KeyCorp,Financials,2023-09-15 00:00:00,11.720000267028809
268,KMB,Kimberly-Clark,Consumer Staples,2023-09-15 00:00:00,125.01000213623048
269,KIM,Kimco Realty,Real Estate,2023-09-15 00:00:00,18.8799991607666
270,KMI,Kinder Morgan,Energy,2023-09-15 00:00:00,17.06999969482422
271,KLAC,KLA-Tencor Corp.,Information Technology,2023-09-15 00:00:00,454.2200012207031
272,KSS,Kohl's Corp.,Consumer Discretionary,2023-09-15 00:00:00,22.799999237060547
273,KHC,Kraft Heinz Co,Consumer Staples,2023-09-15 00:00:00,33.45000076293945
274,KR,Kroger Co.,Consumer Staples,2023-09-15 00:00:00,46.31999969482422
275,LB,L Brands Inc.,Consumer Discretionary,2023-09-15 00:00:00,
276,LLL,L-3 Communications Holdings,Industrials,2023-09-15 00:00:00,
277,LH,Laboratory Corp. of America Holding,Health Care,2023-09-15 00:00:00,201.6499938964844
278,LRCX,Lam Research,Information Technology,2023-09-15 00:00:00,623.1099853515625
279,LEG,Leggett & Platt,Consumer Discretionary,2023-09-15 00:00:00,26.209999084472656
280,LEN,Lennar Corp.,Consumer Discretionary,2023-09-15 00:00:00,114.76000213623048
281,LUK,Leucadia National Corp.,Financials,2023-09-15 00:00:00,
282,LLY,Lilly (Eli) & Co.,Health Care,2023-09-15 00:00:00,575.6599731445312
283,LNC,Lincoln National,Financials,2023-09-15 00:00:00,26.030000686645508
284,LKQ,LKQ Corporation,Consumer Discretionary,2023-09-15 00:00:00,49.93999862670898
285,LMT,Lockheed Martin Corp.,Industrials,2023-09-15 00:00:00,424.0499877929688
286,L,Loews Corp.,Financials,2023-09-15 00:00:00,64.25
287,LOW,Lowe's Cos.,Consumer Discretionary,2023-09-15 00:00:00,220.0200042724609
288,LYB,LyondellBasell,Materials,2023-09-15 00:00:00,100.04000091552734
289,MTB,M&T Bank Corp.,Financials,2023-09-15 00:00:00,129.3000030517578
290,MAC,Macerich,Real Estate,2023-09-15 00:00:00,12.229999542236328
291,M,Macy's Inc.,Consumer Discretionary,2023-09-15 00:00:00,11.140000343322754
292,MRO,Marathon Oil Corp.,Energy,2023-09-15 00:00:00,26.8799991607666
293,MPC,Marathon Petroleum,Energy,2023-09-15 00:00:00,153.80999755859375
294,MAR,Marriott Int'l.,Consumer Discretionary,2023-09-15 00:00:00,203.16000366210935
295,MMC,Marsh & McLennan,Financials,2023-09-15 00:00:00,196.19000244140625
296,MLM,Martin Marietta Materials,Materials,2023-09-15 00:00:00,425.1300048828125
297,MAS,Masco Corp.,Industrials,2023-09-15 00:00:00,54.66999816894531
298,MA,Mastercard Inc.,Information Technology,2023-09-15 00:00:00,414.30999755859375
299,MAT,Mattel Inc.,Consumer Discretionary,2023-09-15 00:00:00,21.06999969482422
300,MKC,McCormick & Co.,Consumer Staples,2023-09-15 00:00:00,79.79000091552734
301,MCD,McDonald's Corp.,Consumer Discretionary,2023-09-15 00:00:00,278.2300109863281
302,MCK,McKesson Corp.,Health Care,2023-09-15 00:00:00,420.1300048828125
303,MDT,Medtronic plc,Health Care,2023-09-15 00:00:00,81.7699966430664
304,MRK,Merck & Co.,Health Care,2023-09-15 00:00:00,107.5199966430664
305,MET,MetLife Inc.,Financials,2023-09-15 00:00:00,65.6500015258789
306,MTD,Mettler Toledo,Health Care,2023-09-15 00:00:00,1168.699951171875
307,MGM,MGM Resorts International,Consumer Discretionary,2023-09-15 00:00:00,41.08000183105469
308,KORS,Michael Kors Holdings,Consumer Discretionary,2023-09-15 00:00:00,
309,MCHP,Microchip Technology,Information Technology,2023-09-15 00:00:00,77.62999725341797
310,MU,Micron Technology,Information Technology,2023-09-15 00:00:00,69.87999725341797
311,MSFT,Microsoft Corp.,Information Technology,2023-09-15 00:00:00,330.2200012207031
312,MAA,Mid-America Apartments,Real Estate,2023-09-15 00:00:00,138.0
313,MHK,Mohawk Industries,Consumer Discretionary,2023-09-15 00:00:00,93.62000274658205
314,TAP,Molson Coors Brewing Company,Consumer Staples,2023-09-15 00:00:00,63.59000015258789
315,MDLZ,Mondelez International,Consumer Staples,2023-09-15 00:00:00,71.94000244140625
316,MON,Monsanto Co.,Materials,2023-09-15 00:00:00,
317,MNST,Monster Beverage,Consumer Staples,2023-09-15 00:00:00,56.13999938964844
318,MCO,Moody's Corp,Financials,2023-09-15 00:00:00,341.19000244140625
319,MS,Morgan Stanley,Financials,2023-09-15 00:00:00,88.41000366210938
320,MSI,Motorola Solutions Inc.,Information Technology,2023-09-15 00:00:00,283.2099914550781
321,MYL,Mylan N.V.,Health Care,2023-09-15 00:00:00,
322,NDAQ,"Nasdaq, Inc.",Financials,2023-09-15 00:00:00,50.77000045776367
323,NOV,National Oilwell Varco Inc.,Energy,2023-09-15 00:00:00,20.93000030517578
324,NAVI,Navient,Financials,2023-09-15 00:00:00,17.8799991607666
325,NTAP,NetApp,Information Technology,2023-09-15 00:00:00,77.72000122070312
326,NFLX,Netflix Inc.,Information Technology,2023-09-15 00:00:00,396.9400024414063
327,NWL,Newell Brands,Consumer Discretionary,2023-09-15 00:00:00,9.489999771118164
328,NFX,Newfield Exploration Co,Energy,2023-09-15 00:00:00,
329,NEM,Newmont Mining Corporation,Materials,2023-09-15 00:00:00,40.33000183105469
330,NWSA,News Corp. Class A,Consumer Discretionary,2023-09-15 00:00:00,20.280000686645508
331,NWS,News Corp. Class B,Consumer Discretionary,2023-09-15 00:00:00,20.979999542236328
332,NEE,NextEra Energy,Utilities,2023-09-15 00:00:00,68.63999938964844
333,NLSN,Nielsen Holdings,Industrials,2023-09-15 00:00:00,
334,NKE,Nike,Consumer Discretionary,2023-09-15 00:00:00,96.26000213623048
335,NI,NiSource Inc.,Utilities,2023-09-15 00:00:00,27.670000076293945
336,NBL,Noble Energy Inc,Energy,2023-09-15 00:00:00,
337,JWN,Nordstrom,Consumer Discretionary,2023-09-15 00:00:00,14.729999542236328
338,NSC,Norfolk Southern Corp.,Industrials,2023-09-15 00:00:00,204.02999877929688
339,NTRS,Northern Trust Corp.,Financials,2023-09-15 00:00:00,72.72000122070312
340,NOC,Northrop Grumman Corp.,Industrials,2023-09-15 00:00:00,433.489990234375
341,NCLH,Norwegian Cruise Line,Consumer Discretionary,2023-09-15 00:00:00,17.229999542236328
342,NRG,NRG Energy,Utilities,2023-09-15 00:00:00,39.09999847412109
343,NUE,Nucor Corp.,Materials,2023-09-15 00:00:00,155.4199981689453
344,NVDA,Nvidia Corporation,Information Technology,2023-09-15 00:00:00,439.0
345,ORLY,O'Reilly Automotive,Consumer Discretionary,2023-09-15 00:00:00,930.2100219726562
346,OXY,Occidental Petroleum,Energy,2023-09-15 00:00:00,66.1500015258789
347,OMC,Omnicom Group,Consumer Discretionary,2023-09-15 00:00:00,77.41000366210938
348,OKE,ONEOK,Energy,2023-09-15 00:00:00,67.54000091552734
349,ORCL,Oracle Corp.,Information Technology,2023-09-15 00:00:00,113.91000366210938
350,PCAR,PACCAR Inc.,Industrials,2023-09-15 00:00:00,85.22000122070312
351,PKG,Packaging Corporation of America,Materials,2023-09-15 00:00:00,149.75
352,PH,Parker-Hannifin,Industrials,2023-09-15 00:00:00,392.1199951171875
353,PDCO,Patterson Companies,Health Care,2023-09-15 00:00:00,28.34000015258789
354,PAYX,Paychex Inc.,Information Technology,2023-09-15 00:00:00,115.97000122070312
355,PYPL,PayPal,Information Technology,2023-09-15 00:00:00,64.20999908447266
356,PNR,Pentair Ltd.,Industrials,2023-09-15 00:00:00,66.86000061035156
357,PBCT,People's United Financial,Financials,2023-09-15 00:00:00,
358,PEP,PepsiCo Inc.,Consumer Staples,2023-09-15 00:00:00,179.83999633789062
359,PKI,PerkinElmer,Health Care,2023-09-15 00:00:00,
360,PRGO,Perrigo,Health Care,2023-09-15 00:00:00,33.540000915527344
361,PFE,Pfizer Inc.,Health Care,2023-09-15 00:00:00,34.06999969482422
362,PCG,PG&E Corp.,Utilities,2023-09-15 00:00:00,17.309999465942383
363,PM,Philip Morris International,Consumer Staples,2023-09-15 00:00:00,95.79000091552734
364,PSX,Phillips 66,Energy,2023-09-15 00:00:00,121.02999877929688
365,PNW,Pinnacle West Capital,Utilities,2023-09-15 00:00:00,78.62000274658203
366,PXD,Pioneer Natural Resources,Energy,2023-09-15 00:00:00,234.0
367,PNC,PNC Financial Services,Financials,2023-09-15 00:00:00,126.3499984741211
368,RL,Polo Ralph Lauren Corp.,Consumer Discretionary,2023-09-15 00:00:00,113.86000061035156
369,PPG,PPG Industries,Materials,2023-09-15 00:00:00,133.8000030517578
370,PPL,PPL Corp.,Utilities,2023-09-15 00:00:00,25.65999984741211
371,PX,Praxair Inc.,Materials,2023-09-15 00:00:00,11.260000228881836
372,PCLN,Priceline.com Inc,Consumer Discretionary,2023-09-15 00:00:00,
373,PFG,Principal Financial Group,Financials,2023-09-15 00:00:00,76.94999694824219
374,PG,Procter & Gamble,Consumer Staples,2023-09-15 00:00:00,153.47000122070312
375,PGR,Progressive Corp.,Financials,2023-09-15 00:00:00,138.74000549316406
376,PLD,Prologis,Real Estate,2023-09-15 00:00:00,123.18000030517578
377,PRU,Prudential Financial,Financials,2023-09-15 00:00:00,98.69000244140624
378,PEG,Public Serv. Enterprise Inc.,Utilities,2023-09-15 00:00:00,61.34999847412109
379,PSA,Public Storage,Real Estate,2023-09-15 00:00:00,274.1099853515625
380,PHM,Pulte Homes Inc.,Consumer Discretionary,2023-09-15 00:00:00,76.2699966430664
381,PVH,PVH Corp.,Consumer Discretionary,2023-09-15 00:00:00,79.37000274658203
382,QRVO,Qorvo,Information Technology,2023-09-15 00:00:00,95.93000030517578
383,QCOM,QUALCOMM Inc.,Information Technology,2023-09-15 00:00:00,113.13999938964844
384,PWR,Quanta Services Inc.,Industrials,2023-09-15 00:00:00,199.2400054931641
385,DGX,Quest Diagnostics,Health Care,2023-09-15 00:00:00,126.22000122070312
386,RRC,Range Resources Corp.,Energy,2023-09-15 00:00:00,32.029998779296875
387,RJF,Raymond James Financial Inc.,Financials,2023-09-15 00:00:00,107.66999816894533
388,RTN,Raytheon Co.,Industrials,2023-09-15 00:00:00,
389,O,Realty Income Corporation,Real Estate,2023-09-15 00:00:00,54.09999847412109
390,RHT,Red Hat Inc.,Information Technology,2023-09-15 00:00:00,
391,REG,Regency Centers Corporation,Real Estate,2023-09-15 00:00:00,63.709999084472656
392,REGN,Regeneron,Health Care,2023-09-15 00:00:00,823.4000244140625
393,RF,Regions Financial Corp.,Financials,2023-09-15 00:00:00,17.959999084472656
394,RSG,Republic Services Inc,Industrials,2023-09-15 00:00:00,150.13999938964844
395,RMD,ResMed,Health Care,2023-09-15 00:00:00,145.38999938964844
396,RHI,Robert Half International,Industrials,2023-09-15 00:00:00,75.0999984741211
397,ROK,Rockwell Automation Inc.,Industrials,2023-09-15 00:00:00,285.20001220703125
398,COL,Rockwell Collins,Industrials,2023-09-15 00:00:00,
399,ROP,Roper Technologies,Industrials,2023-09-15 00:00:00,495.80999755859375
400,ROST,Ross Stores,Consumer Discretionary,2023-09-15 00:00:00,118.16999816894533
401,RCL,Royal Caribbean Cruises Ltd,Consumer Discretionary,2023-09-15 00:00:00,97.41999816894533
402,SPGI,"S&P Global, Inc.",Financials,2023-09-15 00:00:00,388.260009765625
403,CRM,Salesforce.com,Information Technology,2023-09-15 00:00:00,214.6100006103516
404,SBAC,SBA Communications,Real Estate,2023-09-15 00:00:00,218.1499938964844
405,SCG,SCANA Corp,Utilities,2023-09-15 00:00:00,
406,SLB,Schlumberger Ltd.,Energy,2023-09-15 00:00:00,60.58000183105469
407,SNI,Scripps Networks Interactive Inc.,Consumer Discretionary,2023-09-15 00:00:00,
408,STX,Seagate Technology,Information Technology,2023-09-15 00:00:00,63.75
409,SEE,Sealed Air,Materials,2023-09-15 00:00:00,35.11000061035156
410,SRE,Sempra Energy,Utilities,2023-09-15 00:00:00,73.0999984741211
411,SHW,Sherwin-Williams,Materials,2023-09-15 00:00:00,261.6300048828125
412,SIG,Signet Jewelers,Consumer Discretionary,2023-09-15 00:00:00,76.31999969482422
413,SPG,Simon Property Group Inc,Real Estate,2023-09-15 00:00:00,116.41000366210938
414,SWKS,Skyworks Solutions,Information Technology,2023-09-15 00:00:00,98.20999908447266
415,SLG,SL Green Realty,Real Estate,2023-09-15 00:00:00,41.33000183105469
416,SNA,Snap-On Inc.,Consumer Discretionary,2023-09-15 00:00:00,260.4200134277344
417,SO,Southern Co.,Utilities,2023-09-15 00:00:00,71.08999633789062
418,LUV,Southwest Airlines,Industrials,2023-09-15 00:00:00,29.690000534057617
419,SWK,Stanley Black & Decker,Consumer Discretionary,2023-09-15 00:00:00,87.97000122070312
420,SBUX,Starbucks Corp.,Consumer Discretionary,2023-09-15 00:00:00,96.2300033569336
421,STT,State Street Corp.,Financials,2023-09-15 00:00:00,71.8499984741211
422,SRCL,Stericycle Inc,Industrials,2023-09-15 00:00:00,44.72999954223633
423,SYK,Stryker Corp.,Health Care,2023-09-15 00:00:00,292.7699890136719
424,STI,SunTrust Banks,Financials,2023-09-15 00:00:00,
425,SYMC,Symantec Corp.,Information Technology,2023-09-15 00:00:00,
426,SYF,Synchrony Financial,Financials,2023-09-15 00:00:00,32.52000045776367
427,SNPS,Synopsys Inc.,Information Technology,2023-09-15 00:00:00,451.9299926757813
428,SYY,Sysco Corp.,Consumer Staples,2023-09-15 00:00:00,71.0199966430664
429,TROW,T. Rowe Price Group,Financials,2023-09-15 00:00:00,109.62999725341795
430,TPR,"Tapestry, Inc.",Consumer Discretionary,2023-09-15 00:00:00,30.989999771118164
431,TGT,Target Corp.,Consumer Discretionary,2023-09-15 00:00:00,123.0500030517578
432,TEL,TE Connectivity Ltd.,Information Technology,2023-09-15 00:00:00,126.68000030517578
433,FTI,TechnipFMC,Energy,2023-09-15 00:00:00,20.86000061035156
434,TXN,Texas Instruments,Information Technology,2023-09-15 00:00:00,162.6199951171875
435,TXT,Textron Inc.,Industrials,2023-09-15 00:00:00,76.20999908447266
436,BK,The Bank of New York Mellon Corp.,Financials,2023-09-15 00:00:00,45.209999084472656
437,CLX,The Clorox Company,Consumer Staples,2023-09-15 00:00:00,146.1999969482422
438,COO,The Cooper Companies,Health Care,2023-09-15 00:00:00,342.3599853515625
439,HSY,The Hershey Company,Consumer Staples,2023-09-15 00:00:00,212.3600006103516
440,MOS,The Mosaic Company,Materials,2023-09-15 00:00:00,38.38999938964844
441,TRV,The Travelers Companies Inc.,Financials,2023-09-15 00:00:00,164.8000030517578
442,DIS,The Walt Disney Company,Consumer Discretionary,2023-09-15 00:00:00,85.58000183105469
443,TMO,Thermo Fisher Scientific,Health Care,2023-09-15 00:00:00,515.530029296875
444,TIF,Tiffany & Co.,Consumer Discretionary,2023-09-15 00:00:00,
445,TWX,Time Warner Inc.,Consumer Discretionary,2023-09-15 00:00:00,
446,TJX,TJX Companies Inc.,Consumer Discretionary,2023-09-15 00:00:00,92.44000244140624
447,TMK,Torchmark Corp.,Financials,2023-09-15 00:00:00,
448,TSS,Total System Services,Information Technology,2023-09-15 00:00:00,
449,TSCO,Tractor Supply Company,Consumer Discretionary,2023-09-15 00:00:00,212.83999633789065
450,TDG,TransDigm Group,Industrials,2023-09-15 00:00:00,864.7000122070312
451,TRIP,TripAdvisor,Consumer Discretionary,2023-09-15 00:00:00,15.979999542236328
452,FOXA,Twenty-First Century Fox Class A,Consumer Discretionary,2023-09-15 00:00:00,31.8799991607666
453,FOX,Twenty-First Century Fox Class B,Consumer Discretionary,2023-09-15 00:00:00,29.299999237060547
454,TSN,Tyson Foods,Consumer Staples,2023-09-15 00:00:00,54.540000915527344
455,USB,U.S. Bancorp,Financials,2023-09-15 00:00:00,35.150001525878906
456,UDR,UDR Inc,Real Estate,2023-09-15 00:00:00,38.22999954223633
457,ULTA,Ulta Salon Cosmetics & Fragrance Inc,Consumer Discretionary,2023-09-15 00:00:00,413.5700073242188
458,UAA,Under Armour Class A,Consumer Discretionary,2023-09-15 00:00:00,7.329999923706055
459,UA,Under Armour Class C,Consumer Discretionary,2023-09-15 00:00:00,6.710000038146973
460,UNP,Union Pacific,Industrials,2023-09-15 00:00:00,213.32000732421875
461,UAL,United Continental Holdings,Industrials,2023-09-15 00:00:00,45.70000076293945
462,UNH,United Health Group Inc.,Health Care,2023-09-15 00:00:00,486.7000122070313
463,UPS,United Parcel Service,Industrials,2023-09-15 00:00:00,160.49000549316406
464,URI,"United Rentals, Inc.",Industrials,2023-09-15 00:00:00,452.010009765625
465,UTX,United Technologies,Industrials,2023-09-15 00:00:00,
466,UHS,"Universal Health Services, Inc.",Health Care,2023-09-15 00:00:00,126.13999938964844
467,UNM,Unum Group,Financials,2023-09-15 00:00:00,48.52999877929688
468,VFC,V.F. Corp.,Consumer Discretionary,2023-09-15 00:00:00,18.15999984741211
469,VLO,Valero Energy,Energy,2023-09-15 00:00:00,143.67999267578125
470,VAR,Varian Medical Systems,Health Care,2023-09-15 00:00:00,
471,VTR,Ventas Inc,Real Estate,2023-09-15 00:00:00,44.619998931884766
472,VRSN,Verisign Inc.,Information Technology,2023-09-15 00:00:00,200.72000122070312
473,VRSK,Verisk Analytics,Industrials,2023-09-15 00:00:00,245.6499938964844
474,VZ,Verizon Communications,Telecommunication Services,2023-09-15 00:00:00,33.790000915527344
475,VRTX,Vertex Pharmaceuticals Inc,Health Care,2023-09-15 00:00:00,348.8999938964844
476,VIAB,Viacom Inc.,Consumer Discretionary,2023-09-15 00:00:00,
477,V,Visa Inc.,Information Technology,2023-09-15 00:00:00,241.07000732421875
478,VNO,Vornado Realty Trust,Real Estate,2023-09-15 00:00:00,25.18000030517578
479,VMC,Vulcan Materials,Materials,2023-09-15 00:00:00,210.58999633789065
480,WMT,Wal-Mart Stores,Consumer Staples,2023-09-15 00:00:00,164.63999938964844
481,WBA,Walgreens Boots Alliance,Consumer Staples,2023-09-15 00:00:00,22.420000076293945
482,WM,Waste Management Inc.,Industrials,2023-09-15 00:00:00,160.47999572753906
483,WAT,Waters Corporation,Health Care,2023-09-15 00:00:00,275.79998779296875
484,WEC,Wec Energy Group Inc,Utilities,2023-09-15 00:00:00,86.26000213623047
485,WFC,Wells Fargo,Financials,2023-09-15 00:00:00,42.95000076293945
486,HCN,Welltower Inc.,Real Estate,2023-09-15 00:00:00,
487,WDC,Western Digital,Information Technology,2023-09-15 00:00:00,43.59999847412109
488,WU,Western Union Co,Information Technology,2023-09-15 00:00:00,12.630000114440918
489,WRK,WestRock Company,Materials,2023-09-15 00:00:00,36.52999877929688
490,WY,Weyerhaeuser Corp.,Real Estate,2023-09-15 00:00:00,32.54999923706055
491,WHR,Whirlpool Corp.,Consumer Discretionary,2023-09-15 00:00:00,137.97999572753906
492,WMB,Williams Cos.,Energy,2023-09-15 00:00:00,34.34000015258789
493,WLTW,Willis Towers Watson,Financials,2023-09-15 00:00:00,
494,WYN,Wyndham Worldwide,Consumer Discretionary,2023-09-15 00:00:00,
495,WYNN,Wynn Resorts Ltd,Consumer Discretionary,2023-09-15 00:00:00,97.04000091552734
496,XEL,Xcel Energy Inc,Utilities,2023-09-15 00:00:00,57.970001220703125
497,XRX,Xerox Corp.,Information Technology,2023-09-15 00:00:00,16.059999465942383
498,XLNX,Xilinx Inc,Information Technology,2023-09-15 00:00:00,
499,XL,XL Capital,Financials,2023-09-15 00:00:00,
500,XYL,Xylem Inc.,Industrials,2023-09-15 00:00:00,95.5500030517578
501,YUM,Yum! Brands Inc,Consumer Discretionary,2023-09-15 00:00:00,127.98999786376952
502,ZBH,Zimmer Biomet Holdings,Health Care,2023-09-15 00:00:00,121.30999755859376
503,ZION,Zions Bancorp,Financials,2023-09-15 00:00:00,36.91999816894531
504,ZTS,Zoetis,Health Care,2023-09-15 00:00:00,180.25
